,top1,top5,top10
截取,0.541129032,0.778225806,0.867741935
不截取,,,
